{"cameraMode":{"drawMode":0,"name":"Shaded","section":"Shading Mode"},"sceneLighting":false,"audioPlay":false,"sceneViewState":{"m_AlwaysRefresh":false,"showFog":true,"showSkybox":false,"showFlares":true,"showImageEffects":true,"showParticleSystems":true,"showVisualEffectGraphs":true,"m_FxEnabled":true},"in2DMode":false,"pivot":{"x":0.062117934226989749,"y":-0.05177924409508705,"z":-0.16314885020256043},"rotation":{"x":-0.027044065296649934,"y":0.8385891914367676,"z":-0.041803885251283649,"w":-0.5424904823303223},"size":0.5409609079360962,"orthographic":false}